{
    "data": [
        {
            "files": [
                "Extracted audio/Left_microphone/rr1_left.wav",
                "Extracted audio/Right_microphone/rr1_right.wav"
            ],
            "label": 2,
            "features": [
                261.8344306451613,
                0.4734973693548386,
                201.70986935483867,
                169.28948064516132,
                14369.987290322579,
                -5.273683080645161,
                0.009784870596774195,
                281.2810096774195,
                0.6011113387096775,
                195.99354193548388,
                159.39256290322578,
                14314.59925806451,
                -5.218103112903227,
                0.00983059432258065
            ]
        },
        {
            "files": [
                "Extracted audio/Left_microphone/lr1_left.wav",
                "Extracted audio/Right_microphone/lr1_right.wav"
            ],
            "label": 1,
            "features": [
                261.0151661971826,
                0.3811288084507043,
                229.10087605633802,
                238.5752654929571,
                13723.879450704224,
                -6.0200397323943635,
                0.011374413133802806,
                246.38374859154888,
                0.5970464274647889,
                190.58761619718308,
                167.69256126760556,
                14355.228169014083,
                -5.102956753521127,
                0.008938821154929576
            ]
        },
        {
            "files": [
                "Extracted audio/Left_microphone/nr1_left.wav",
                "Extracted audio/Right_microphone/nr1_right.wav"
            ],
            "label": 0,
            "features": [
                617.522186782609,
                0.17307987304347835,
                327.9037860869567,
                214.14075624347825,
                13183.136380869557,
                -8.269868426086955,
                0.018938156921739138,
                452.0770125217384,
                0.22505059095652186,
                276.77468626086954,
                208.01869965217423,
                13319.281664347825,
                -7.674586502608698,
                0.015109234909565195
            ]
        },
        {
            "files": [
                "Extracted audio/Left_microphone/radio_lr1_left.wav",
                "Extracted audio/Right_microphone/radio_lr1_right.wav"
            ],
            "label": 1,
            "features": [
                408.2946674698797,
                0.3288945999999999,
                260.6817939759037,
                192.73374337349384,
                14747.3754939759,
                -6.541623674698796,
                0.01477205771084338,
                277.8167734939758,
                0.4640025397590361,
                229.97219638554225,
                215.3014999999998,
                16122.580771084331,
                -5.3119588795180706,
                0.010472792674698786
            ]
        },
        {
            "files": [
                "Extracted audio/Left_microphone/rr3_left.wav",
                "Extracted audio/Right_microphone/rr3_right.wav"
            ],
            "label": 2,
            "features": [
                357.2047872727271,
                0.5553764236363635,
                231.15688,
                169.30524909090894,
                14855.804909090913,
                -5.0076166,
                0.011381354681818182,
                308.17476454545437,
                0.7183384909090912,
                226.01347000000013,
                200.2303890909092,
                14812.254690909096,
                -4.615549109090909,
                0.011574641481818172
            ]
        },
        {
            "files": [
                "Extracted audio/Left_microphone/talking_nr_left.wav",
                "Extracted audio/Right_microphone/talking_nr_right.wav"
            ],
            "label": 0,
            "features": [
                656.0432207036546,
                0.29026747821380233,
                369.32298240866,
                259.42520906630614,
                14866.394696887693,
                -7.176006935047364,
                0.020717751109607573,
                563.2363296346417,
                0.32064135169147484,
                315.4370221921516,
                215.76765426251805,
                14732.85826928282,
                -6.975198401894456,
                0.0181844945466847
            ]
        },
        {
            "files": [
                "Extracted audio/Left_microphone/rr2_left.wav",
                "Extracted audio/Right_microphone/rr2_right.wav"
            ],
            "label": 2,
            "features": [
                278.4117756249999,
                0.6209492125,
                207.89034625,
                171.03012062500005,
                15209.975425,
                -4.531706818750002,
                0.010121368081249995,
                265.6955281249998,
                0.7850383650000002,
                197.80421750000005,
                175.1343199999997,
                15573.565668749996,
                -4.596536187499998,
                0.010041637881249989
            ]
        },
        {
            "files": [
                "Extracted audio/Left_microphone/radio_rr2_left.wav",
                "Extracted audio/Right_microphone/radio_rr2_right.wav"
            ],
            "label": 2,
            "features": [
                396.1831013157896,
                0.6969348157894739,
                251.35418947368433,
                184.28108815789508,
                15890.880894736843,
                -4.532562782894738,
                0.012437521276315805,
                265.5149394736841,
                0.9241097118421052,
                202.6153039473684,
                173.02025197368454,
                15907.169480263154,
                -3.4899110394736845,
                0.009644615855263172
            ]
        },
        {
            "files": [
                "Extracted audio/Left_microphone/rr4_left.wav",
                "Extracted audio/Right_microphone/rr4_right.wav"
            ],
            "label": 2,
            "features": [
                274.60223362068916,
                0.6046496560344823,
                215.86623362068966,
                202.21637844827566,
                15257.267482758616,
                -4.563165663793102,
                0.010459689249999994,
                274.5094267241378,
                0.8282147275862071,
                189.6865974137931,
                152.56709827586218,
                15062.196706896546,
                -4.514006120689657,
                0.00889867825862069
            ]
        },
        {
            "files": [
                "Extracted audio/Left_microphone/nr5_left.wav",
                "Extracted audio/Right_microphone/nr5_right.wav"
            ],
            "label": 0,
            "features": [
                558.4630693251535,
                0.2405755662576686,
                296.40678650306734,
                172.83559202453964,
                13974.257257668716,
                -7.29953263803681,
                0.016939645828220877,
                534.6874398773008,
                0.28952310552147237,
                283.19415030674855,
                160.8817380368097,
                14248.337085889572,
                -7.142683570552147,
                0.01624832042944786
            ]
        },
        {
            "files": [
                "Extracted audio/Left_microphone/radio_lr3_left.wav",
                "Extracted audio/Right_microphone/radio_lr3_right.wav"
            ],
            "label": 1,